1731369296205,47B
1731369296898,47B
1731369297585,47B
1731369298270,47B
1731369298931,47B
1731369299615,47B
1731369300281,47B
,dis
1731369300928,47B
1731369301597,47B
1731369302280,4.4K
1731369302961,4.4K
1731369303644,4.4K
1731369304331,4.4K
1731369305011,4.4K
1731369305694,4.4K
1731369306374,7.6K
1731369307060,7.6K
1731369307683,7.6K
1731369308376,8.7K
1731369309064,8.7K
1731369309739,8.7K
,rec
1731369310422,8.7K
1731369311095,8.7K
1731369311775,8.7K
1731369312454,13K
1731369313138,13K
1731369313813,13K
1731369314490,13K
1731369315155,13K
1731369315844,1.1K
1731369316523,1.1K
1731369317196,1.1K
1731369317853,47B
1731369318534,47B
1731369319217,47B
1731369319889,47B
1731369320577,47B
1731369321259,47B
1731369321933,47B
1731369322623,47B
1731369323297,47B
1731369323979,47B
1731369324659,47B
1731369325347,47B
1731369326028,47B
1731369326700,47B
1731369327385,47B
1731369328076,47B
1731369328754,47B
1731369329445,47B
1731369330116,47B
