1731369110296,304B
1731369110986,304B
1731369111671,304B
1731369112368,304B
1731369113051,304B
1731369113732,304B
,dis
1731369114423,304B
1731369115057,304B
1731369115739,304B
1731369116421,304B
1731369117097,304B
1731369117788,304B
1731369118482,304B
1731369119176,304B
1731369119874,304B
1731369120580,304B
1731369121264,304B
1731369121946,304B
1731369122646,304B
1731369123329,304B
1731369124006,304B
,rec
1731369124667,304B
1731369125328,304B
1731369126027,304B
1731369126714,304B
1731369127409,304B
1731369128091,304B
1731369128766,304B
1731369129468,304B
1731369130147,304B
1731369130823,304B
1731369131458,304B
1731369132144,304B
1731369132823,304B
1731369133511,304B
1731369134214,304B
1731369134905,304B
1731369135599,304B
1731369136285,304B
1731369136968,304B
1731369137650,304B
1731369138345,304B
1731369139031,304B
1731369139707,304B
1731369140387,304B
1731369141072,304B
1731369141746,304B
1731369142424,304B
1731369143111,304B
1731369143784,304B
1731369144457,304B
