1731369481961,4.4K
1731369482609,4.4K
1731369483290,4.4K
1731369483985,4.4K
1731369484668,4.4K
1731369485353,4.4K
1731369486034,4.4K
,dis
1731369486712,4.4K
1731369487345,4.4K
1731369488027,4.4K
1731369488701,4.4K
1731369489385,4.4K
1731369490061,4.4K
1731369490738,4.4K
1731369491415,4.4K
1731369492090,4.4K
1731369492764,4.4K
1731369493445,4.4K
1731369494130,8.8K
1731369494828,8.8K
1731369495511,8.8K
1731369496192,8.8K
,rec
1731369496866,8.8K
1731369497493,8.8K
1731369498186,13K
1731369498899,13K
1731369499595,13K
1731369500285,13K
1731369500977,13K
1731369501676,13K
1731369502366,4.4K
1731369503039,4.4K
1731369503685,4.4K
1731369504373,4.4K
1731369505053,4.4K
1731369505750,4.4K
1731369506436,4.4K
1731369507126,4.4K
1731369507818,4.4K
1731369508514,4.4K
1731369509208,4.4K
1731369509900,4.4K
1731369510599,4.4K
1731369511293,4.4K
1731369511984,4.4K
1731369512663,4.4K
1731369513347,4.4K
1731369514034,4.4K
1731369514719,4.4K
1731369515401,4.4K
1731369516079,4.4K
1731369516778,4.4K
