1731369407962,4.7K
1731369408642,4.7K
1731369409333,4.7K
1731369410012,4.7K
1731369410707,4.7K
1731369411381,4.7K
1731369412052,4.7K
,dis
1731369412695,4.7K
1731369413371,4.7K
1731369414053,4.9K
1731369414733,4.9K
1731369415424,4.9K
1731369416104,4.9K
1731369416782,4.9K
1731369417459,4.9K
1731369418143,9.4K
1731369418824,9.4K
1731369419463,9.4K
1731369420139,9.4K
1731369420824,9.4K
1731369421502,9.4K
,rec
1731369422195,9.4K
1731369422868,9.4K
1731369423554,9.4K
1731369424231,14K
1731369424908,14K
1731369425580,14K
1731369426257,4.7K
1731369426924,4.7K
1731369427603,4.7K
1731369428289,4.7K
1731369428949,4.7K
1731369429610,4.7K
1731369430284,4.7K
1731369430984,4.7K
1731369431658,4.7K
1731369432343,4.7K
1731369433024,4.7K
1731369433707,4.7K
1731369434389,4.7K
1731369435062,4.7K
1731369435739,4.7K
1731369436426,4.7K
1731369437111,4.7K
1731369437791,4.7K
1731369438456,4.7K
1731369439141,4.7K
1731369439821,4.7K
1731369440503,4.7K
1731369441182,4.7K
1731369441861,4.7K
