simulation_number,publisher_number,subscriber_number,message_size,retain,qos,topics,ram_usage,database_size
0,1,32,8192,true,2,4,1141074,109158.4
0,1,32,16384,true,2,4,1168519,206848.0
0,1,32,2048,false,2,4,1093532,34713.6
0,1,32,2048,true,0,4,1072865,10547.2
0,1,32,1024,true,2,4,1077725,23040.0
0,1,32,4096,false,0,4,1081704,19251.2
0,1,32,16384,false,1,4,1175335,240332.8
0,1,32,4096,true,2,4,1096461,66560.0
0,1,32,1024,false,1,8,1133697,46694.4
0,1,32,8192,false,0,1,1099601,9932.8
0,1,32,8192,false,2,8,1159698,217497.6
0,1,32,4096,true,0,8,1101573,35328.0
0,1,32,4096,false,0,1,1078359,6041.6
0,1,32,4096,false,2,8,1220789,125542.4
0,1,32,4096,true,2,1,1082494,11673.6
0,1,32,16384,false,1,1,1121111,36044.8
0,1,32,8192,false,0,4,1101752,35635.2
0,1,32,16384,true,0,8,1146061,117248.0
0,1,32,8192,true,0,8,1111066,68403.2
0,1,32,8192,true,2,1,1071291,19456.0
0,1,32,16384,true,2,1,1105549,36454.4
0,1,32,2048,false,2,1,1070151,8499.2
0,1,32,1024,true,0,8,1044556,10752.0
0,1,32,2048,true,0,1,1088918,3891.2
0,1,32,2048,false,0,8,1052865,19046.4
0,1,32,1024,true,2,1,1065686,5324.8
0,1,32,2048,true,2,8,1114119,66764.8
0,1,32,2048,true,1,8,1095066,72294.4
0,1,32,1024,true,1,1,1076522,6860.8
0,1,32,2048,false,1,1,1065771,7372.8
0,1,32,8192,true,1,1,1079331,28262.4
0,1,32,16384,true,1,1,1118682,36249.6
0,1,32,1024,false,0,4,1058931,6451.2
0,1,32,4096,false,1,8,1124445,115916.8
0,1,32,16384,false,2,1,1108133,35840.0
0,1,32,4096,true,1,1,1078566,11468.8
0,1,32,16384,false,0,8,1144168,134246.4
0,1,32,8192,false,1,8,1151219,215244.8
0,1,32,1024,false,0,1,1080285,2662.4
0,1,32,1024,false,2,8,1167246,47616.0
0,1,32,4096,true,1,4,1089187,60006.4
0,1,32,16384,false,2,4,1180302,207974.4
0,1,32,1024,true,1,4,1087787,24268.8
0,1,32,2048,false,1,4,1064508,31232.0
0,1,32,8192,true,1,4,1109020,109670.4
0,1,32,16384,true,1,4,1172137,205516.8
0,1,32,2048,true,1,1,1061558,7577.6
0,1,32,1024,true,1,8,1130898,51814.4
0,1,32,2048,false,1,8,1083491,70041.6
0,1,32,8192,true,1,8,1141510,222515.2
0,1,32,16384,true,1,8,1281549,414003.2
0,1,32,8192,false,1,4,1135155,121548.8
0,1,32,1024,false,2,4,1100292,25395.2
0,1,32,4096,false,1,1,1073615,15462.4
0,1,32,4096,true,1,8,1229902,129638.4
0,1,32,16384,false,2,8,1313370,430694.4
0,1,32,16384,false,0,1,1129935,18124.8
0,1,32,8192,false,1,1,1073306,28262.4
0,1,32,1024,false,0,8,1055684,10956.8
0,1,32,1024,false,2,1,1052450,3993.6
0,1,32,4096,false,1,4,1089741,68300.8
0,1,32,16384,false,0,4,1181927,67584.0
0,1,32,2048,true,1,4,1088506,41369.6
0,1,32,16384,true,0,4,1164152,68300.8
0,1,32,8192,true,0,4,1096403,35020.8
0,1,32,1024,true,0,4,1047423,5939.2
0,1,32,2048,false,0,4,1067730,10240.0
0,1,32,2048,true,2,4,1095284,37683.2
0,1,32,4096,true,0,4,1063745,19148.8
0,1,32,4096,false,2,4,1123752,68198.4
0,1,32,1024,false,1,1,1061799,4608.0
0,1,32,8192,false,0,8,1103967,69017.6
0,1,32,8192,false,2,1,1081104,20889.6
0,1,32,4096,true,0,1,1100735,6553.6
0,1,32,4096,false,0,8,1075050,31232.0
0,1,32,4096,false,2,1,1083688,11468.8
0,1,32,16384,false,1,8,1262762,415129.6
0,1,32,4096,true,2,8,1131910,117145.6
0,1,32,1024,false,1,4,1079606,23654.4
0,1,32,8192,false,2,4,1117042,128000.0
0,1,32,16384,true,0,1,1147830,17510.4
0,1,32,8192,true,0,1,1093165,10342.4
0,1,32,8192,true,2,8,1177756,232857.6
0,1,32,16384,true,2,8,1338694,408678.4
0,1,32,1024,true,0,1,1086036,2867.2
0,1,32,2048,false,2,8,1086592,66764.8
0,1,32,2048,true,0,8,1060293,19456.0
0,1,32,1024,true,2,8,1071920,38809.6
0,1,32,2048,false,0,1,1093948,3891.2
0,1,32,2048,true,2,1,1062373,8089.6
0,4,1,4096,true,0,4,1080940,67686.4
0,4,1,4096,false,2,1,1054564,38297.6
0,4,1,4096,false,0,8,1164253,131072.0
0,4,1,8192,true,0,4,1134791,133427.2
0,4,1,2048,false,2,8,1151029,69632.0
0,4,1,1024,false,2,1,1036581,9523.2
0,4,1,2048,false,0,1,1038063,8806.4
0,4,1,1024,false,0,8,1092292,36864.0
0,4,1,16384,true,2,4,1400609,264192.0
0,4,1,16384,false,2,1,1122872,132403.2
0,4,1,8192,false,2,1,1122595,33382.4
0,4,1,1024,true,2,8,1149270,35942.4
0,4,1,1024,true,0,1,1023984,4710.4
0,4,1,8192,false,0,8,1285880,265932.8
0,4,1,16384,false,0,8,1571720,528691.2
0,4,1,2048,true,1,8,1170481,212377.6
0,4,1,16384,true,0,8,1562832,528486.4
0,4,1,1024,false,2,4,1074966,17408.0
0,4,1,2048,false,0,4,1068432,34816.0
0,4,1,16384,true,2,1,1150521,132403.2
0,4,1,16384,false,2,4,1486678,826368.0
0,4,1,8192,false,2,4,1250048,408371.2
0,4,1,1024,true,0,4,1057357,18534.4
0,4,1,4096,true,0,1,1038552,16998.4
0,4,1,4096,true,2,8,1334011,431820.8
0,4,1,4096,false,2,4,1116928,67584.0
0,4,1,8192,true,2,8,1338968,249651.2
0,4,1,8192,true,0,1,1059864,33280.0
0,4,1,8192,true,1,8,1296216,266137.6
0,4,1,4096,false,1,4,1146580,211865.6
0,4,1,4096,true,1,8,1271182,406835.2
0,4,1,2048,true,0,4,1059720,34918.4
0,4,1,16384,false,1,4,1440578,826368.0
0,4,1,8192,false,1,4,1159287,133017.6
0,4,1,16384,true,1,1,1110686,66150.4
0,4,1,1024,false,1,4,1142879,56012.8
0,4,1,2048,true,2,8,1152995,67276.8
0,4,1,2048,true,0,1,1035017,8908.8
0,4,1,16384,false,1,1,1121022,66048.0
0,4,1,1024,true,1,8,1145889,36864.0
0,4,1,8192,false,1,1,1058024,33280.0
0,4,1,16384,true,1,4,1320922,264192.0
0,4,1,1024,false,1,1,1029396,10649.6
0,4,1,2048,false,1,8,1211412,218828.8
0,4,1,4096,false,1,1,1056256,16998.4
0,4,1,8192,true,1,1,1079066,33280.0
0,4,1,4096,true,1,1,1039513,16793.6
0,4,1,2048,true,2,4,1112034,34816.0
0,4,1,1024,true,1,4,1107033,58265.6
0,4,1,16384,true,1,8,1867486,1572864.0
0,4,1,2048,false,1,4,1068816,34816.0
0,4,1,2048,true,2,1,1043399,8704.0
0,4,1,2048,true,0,8,1109142,69836.8
0,4,1,16384,false,1,8,1561737,528281.6
0,4,1,8192,false,1,8,1456052,833024.0
0,4,1,1024,true,1,1,1021640,9625.6
0,4,1,1024,false,1,8,1118768,36761.6
0,4,1,2048,false,1,1,1043197,21913.6
0,4,1,8192,true,1,4,1214608,416460.8
0,4,1,4096,false,1,8,1232877,134860.8
0,4,1,4096,true,1,4,1107679,67686.4
0,4,1,4096,true,2,4,1168352,215859.2
0,4,1,4096,false,2,8,1335603,419532.8
0,4,1,8192,true,2,4,1191202,133017.6
0,4,1,4096,false,0,1,1039582,16998.4
0,4,1,16384,true,0,4,1307691,264396.8
0,4,1,2048,false,2,1,1052366,8704.0
0,4,1,1024,false,2,8,1149126,36864.0
0,4,1,2048,false,0,8,1145864,69939.2
0,4,1,1024,false,0,1,1025238,4710.4
0,4,1,16384,false,2,8,1611958,511692.8
0,4,1,1024,true,2,1,1062011,4710.4
0,4,1,8192,false,2,8,1461470,266240.0
0,4,1,8192,false,0,1,1049990,33382.4
0,4,1,1024,true,0,8,1110097,37171.2
0,4,1,16384,false,0,1,1112603,66150.4
0,4,1,2048,true,1,1,1039281,19865.6
0,4,1,16384,true,0,1,1113633,66252.8
0,4,1,2048,false,2,4,1119695,34918.4
0,4,1,1024,false,0,4,1050509,18329.6
0,4,1,16384,true,2,8,1862887,1677721.6
0,4,1,1024,true,2,4,1099142,59596.8
0,4,1,8192,false,0,4,1160990,133222.4
0,4,1,16384,false,0,4,1306153,264396.8
0,4,1,2048,true,1,4,1077973,34713.6
0,4,1,4096,true,0,8,1202917,131174.4
0,4,1,4096,true,2,1,1055625,38297.6
0,4,1,8192,true,2,1,1091659,66867.2
0,4,1,4096,false,0,4,1106060,67788.8
0,4,1,8192,true,0,8,1284167,258048.0
0,5,1,16384,true,1,4,1594428,1024409.6
0,5,1,4096,false,0,4,1119192,84684.8
0,5,1,1024,true,1,8,1142202,45875.2
0,5,1,2048,true,0,1,1052083,11059.2
0,5,1,2048,true,2,8,1202134,86937.6
0,5,1,8192,false,0,4,1171371,166297.6
0,5,1,16384,false,0,4,1399651,330444.8
0,5,1,2048,false,2,4,1116727,43520.0
0,5,1,1024,false,0,4,1068809,22937.6
0,5,1,16384,false,2,8,1782143,643993.6
0,5,1,8192,false,2,8,1478904,332800.0
0,5,1,8192,false,0,1,1074494,41779.2
0,5,1,16384,false,0,1,1138613,82432.0
0,5,1,4096,true,1,8,1239430,164761.6
0,5,1,1024,false,2,8,1152608,46182.4
0,5,1,8192,true,1,8,1395969,332902.4
0,5,1,2048,false,2,1,1043262,10854.4
0,5,1,1024,false,0,1,1018681,5734.4
0,5,1,2048,false,0,8,1174224,87142.4
0,5,1,4096,false,2,8,1271738,169164.8
0,5,1,16384,true,1,1,1181372,181862.4
0,5,1,4096,false,0,1,1062986,21299.2
0,5,1,2048,true,0,4,1120893,43724.8
0,5,1,1024,true,0,4,1045714,23142.4
0,5,1,16384,true,2,1,1195585,165376.0
0,5,1,4096,false,1,8,1353132,521113.6
0,5,1,16384,true,0,8,1653913,660582.4
0,5,1,8192,true,0,1,1065652,41676.8
0,5,1,2048,false,1,1,1054885,10956.8
0,5,1,8192,true,2,8,1657410,1033113.6
0,5,1,1024,false,1,8,1184029,45056.0
0,5,1,4096,true,2,8,1291971,164864.0
0,5,1,16384,false,1,8,1664357,627609.6
0,5,1,4096,true,0,1,1055778,21196.8
0,5,1,8192,false,1,8,1365697,333004.8
0,5,1,8192,true,0,4,1193235,166502.4
0,5,1,2048,false,1,4,1101540,139878.4
0,5,1,4096,true,0,4,1136365,84684.8
0,5,1,2048,true,1,8,1223052,271155.2
0,5,1,1024,true,0,1,1013741,5734.4
0,5,1,1024,true,2,8,1193412,147660.8
0,5,1,16384,true,2,4,1509447,330444.8
0,5,1,2048,true,1,4,1106780,133632.0
0,5,1,1024,true,2,4,1121001,72294.4
0,5,1,16384,true,2,8,1803738,660582.4
0,5,1,4096,false,1,1,1077274,21094.4
0,5,1,16384,true,0,1,1142416,82534.4
0,5,1,8192,true,0,8,1367322,333004.8
0,5,1,2048,false,1,8,1227783,264806.4
0,5,1,1024,false,1,1,1047326,13004.8
0,5,1,8192,true,2,1,1103092,41472.0
0,5,1,4096,true,2,1,1094098,21196.8
0,5,1,4096,true,0,8,1238994,165068.8
0,5,1,16384,false,1,1,1160695,82534.4
0,5,1,8192,false,1,1,1098561,100044.8
0,5,1,8192,true,2,4,1371799,541286.4
0,5,1,1024,false,1,4,1114720,23244.8
0,5,1,4096,true,2,4,1181292,84684.8
0,5,1,16384,false,1,4,1762126,1040998.4
0,5,1,8192,false,1,4,1246057,166502.4
0,5,1,2048,true,1,1,1039306,10854.4
0,5,1,1024,true,0,8,1096736,46284.8
0,5,1,1024,true,2,1,1026107,14131.2
0,5,1,4096,false,1,4,1200173,262860.8
0,5,1,16384,true,0,4,1365674,330137.6
0,5,1,4096,false,2,4,1239038,266956.8
0,5,1,1024,true,1,1,1050265,12902.4
0,5,1,2048,true,0,8,1350749,82739.2
0,5,1,2048,true,2,1,1065789,10854.4
0,5,1,16384,false,2,4,1470855,330137.6
0,5,1,8192,false,2,4,1234753,166400.0
0,5,1,4096,true,1,4,1206791,275353.6
0,5,1,1024,false,2,4,1097359,73216.0
0,5,1,8192,true,1,4,1255862,508211.2
0,5,1,2048,false,0,4,1091235,41472.0
0,5,1,16384,false,2,1,1181794,198348.8
0,5,1,8192,false,2,1,1098743,91750.4
0,5,1,8192,false,0,8,1380090,332697.6
0,5,1,4096,true,1,1,1058699,21196.8
0,5,1,16384,false,0,8,1689033,627712.0
0,5,1,8192,true,1,1,1114630,41676.8
0,5,1,1024,false,2,1,1049481,5734.4
0,5,1,2048,false,2,8,1269923,271257.6
0,5,1,1024,false,0,8,1103101,46080.0
0,5,1,2048,false,0,1,1036615,10956.8
0,5,1,4096,false,2,1,1087273,21196.8
0,5,1,16384,true,1,8,1660875,643993.6
0,5,1,4096,false,0,8,1394268,143769.6
0,5,1,1024,true,1,4,1076450,23244.8
0,5,1,2048,true,2,4,1295320,41164.8
0,1,7,1024,true,0,1,990000,1536.0
0,1,7,2048,true,1,8,1045064,55910.4
0,1,7,1024,false,2,1,1001050,3072.0
0,1,7,2048,false,2,8,1074326,57958.4
0,1,7,1024,false,0,8,1024033,9728.0
0,1,7,2048,false,0,1,1030643,2457.6
0,1,7,1024,true,2,8,1081178,30310.4
0,1,7,16384,false,2,1,1031367,33792.0
0,1,7,8192,false,2,1,1034314,17408.0
0,1,7,16384,true,2,4,1193540,216678.4
0,1,7,8192,false,0,8,1049510,67072.0
0,1,7,16384,false,0,8,1150820,132300.8
0,1,7,8192,true,0,4,1041177,33484.8
0,1,7,4096,false,2,1,1017769,13312.0
0,1,7,4096,false,0,8,1037398,33996.8
0,1,7,4096,true,0,4,1023981,17408.0
0,1,7,8192,true,0,1,1035312,8908.8
0,1,7,8192,true,2,8,1216135,227123.2
0,1,7,4096,false,2,4,1058282,53350.4
0,1,7,4096,true,2,8,1104914,109260.8
0,1,7,4096,true,0,1,1033473,4608.0
0,1,7,1024,true,0,4,989847,5017.6
0,1,7,1024,false,2,4,1009982,14028.8
0,1,7,2048,false,0,4,1016478,9011.2
0,1,7,16384,false,2,4,1141026,200806.4
0,1,7,16384,true,2,1,1028061,33792.0
0,1,7,8192,false,2,4,1071369,101273.6
0,1,7,16384,true,0,8,1130675,132505.6
0,1,7,16384,false,1,4,1103606,199065.6
0,1,7,8192,false,1,4,1059714,118476.8
0,1,7,16384,true,1,1,1046082,33792.0
0,1,7,2048,true,0,4,1017185,9216.0
0,1,7,1024,false,1,4,1046146,15872.0
0,1,7,4096,true,1,8,1076997,108236.8
0,1,7,4096,false,1,4,1031392,55193.6
0,1,7,8192,true,1,8,1099052,211558.4
0,1,7,4096,false,1,1,1019681,13312.0
0,1,7,16384,false,1,1,1032982,50073.6
0,1,7,16384,true,1,4,1104713,200806.4
0,1,7,8192,false,1,1,1009969,25292.8
0,1,7,2048,true,0,1,1004520,2560.0
0,1,7,1024,true,1,8,1061660,33382.4
0,1,7,2048,false,1,8,1052433,55705.6
0,1,7,1024,false,1,1,992337,4403.2
0,1,7,2048,true,2,8,1059570,56934.4
0,1,7,16384,true,1,8,1208107,430694.4
0,1,7,1024,true,1,4,1036303,17612.8
0,1,7,2048,false,1,4,1009415,26419.2
0,1,7,2048,true,2,4,1020304,29184.0
0,1,7,4096,true,1,1,1014773,9011.2
0,1,7,8192,true,1,1,1020555,25702.4
0,1,7,4096,true,1,4,1017146,52121.6
0,1,7,4096,false,1,8,1079509,112435.2
0,1,7,8192,true,1,4,1077066,101990.4
0,1,7,16384,false,1,8,1211232,430694.4
0,1,7,8192,false,1,8,1108293,218828.8
0,1,7,2048,true,0,8,1034340,17715.2
0,1,7,1024,true,1,1,1011243,3276.8
0,1,7,2048,false,1,1,992505,5324.8
0,1,7,2048,true,2,1,1005684,6860.8
0,1,7,1024,false,1,8,1044849,32358.4
0,1,7,1024,true,0,8,1009688,9420.8
0,1,7,1024,false,2,8,1125696,30105.6
0,1,7,2048,true,1,1,1005909,7168.0
0,1,7,2048,false,2,1,996929,4915.2
0,1,7,1024,false,0,1,1019755,1638.4
0,1,7,2048,false,0,8,954368,17817.6
0,1,7,1024,true,2,1,995467,3788.8
0,1,7,16384,false,2,8,1251396,399872.0
0,1,7,8192,false,2,8,1126957,210432.0
0,1,7,8192,false,0,1,1027468,8908.8
0,1,7,16384,true,0,4,1059392,66560.0
0,1,7,16384,false,0,1,1051598,17100.8
0,1,7,8192,true,2,4,1057712,101888.0
0,1,7,4096,false,2,8,1101210,107110.4
0,1,7,4096,true,2,4,1048074,52838.4
0,1,7,4096,false,0,1,1024950,4608.0
0,1,7,8192,true,0,8,1076552,66867.2
0,1,7,8192,true,2,1,1023214,17203.2
0,1,7,4096,true,2,1,1008672,9011.2
0,1,7,4096,false,0,4,1030785,17203.2
0,1,7,4096,true,0,8,1053482,33996.8
0,1,7,2048,true,1,4,1010630,27648.0
0,1,7,2048,false,2,4,1029359,28262.4
0,1,7,1024,false,0,4,1011761,5017.6
0,1,7,1024,true,2,4,1047060,16998.4
0,1,7,16384,true,2,8,1233368,396800.0
0,1,7,16384,true,0,1,1062924,16896.0
0,1,7,8192,false,0,4,1034595,33689.6
0,1,7,16384,false,0,4,1099310,66252.8
0,1,1,1024,true,1,8,1055559,29184.0
0,1,1,2048,true,0,1,1007115,2150.4
0,1,1,2048,true,2,8,1015649,52633.6
0,1,1,1024,false,1,1,1009407,1228.8
0,1,1,2048,false,1,8,1022536,52531.2
0,1,1,1024,false,1,4,1014277,14131.2
0,1,1,2048,true,0,4,1013020,8806.4
0,1,1,1024,true,0,4,982972,4710.4
0,1,1,2048,false,0,4,988501,8806.4
0,1,1,1024,false,2,4,1043781,15257.6
0,1,1,2048,false,0,1,979406,2150.4
0,1,1,1024,false,0,8,1011637,9318.4
0,1,1,2048,false,2,8,1030334,52633.6
0,1,1,1024,false,2,1,1001414,1228.8
0,1,1,2048,true,1,8,5116789,52633.6
0,1,1,1024,true,0,1,989944,1331.2
0,1,1,1024,true,2,8,1116424,28160.0
0,1,1,2048,true,1,4,1020342,8704.0
0,1,1,1024,true,2,4,1043182,15155.2
0,1,1,1024,false,0,4,993795,3481.6
0,1,1,2048,false,2,4,1007129,26316.8
0,1,1,2048,false,0,8,1001135,17408.0
0,1,1,1024,false,0,1,982670,1331.2
0,1,1,2048,false,2,1,975264,4505.6
0,1,1,1024,false,2,8,1086438,28160.0
0,1,1,2048,true,1,1,989670,2150.4
0,1,1,1024,true,0,8,999175,9113.6
0,1,1,1024,true,2,1,993891,1228.8
0,1,1,1024,true,1,1,995334,3584.0
0,1,1,2048,true,0,8,1009651,17510.4
0,1,1,2048,true,2,1,968639,2150.4
0,1,1,1024,false,1,8,1075603,29184.0
0,1,1,2048,false,1,1,969548,4505.6
0,1,1,2048,false,1,4,986070,8704.0
0,1,1,1024,true,1,4,1028105,14131.2
0,1,1,2048,true,2,4,1008280,8806.4
0,1,6,4096,true,1,1,992765,9011.2
0,1,6,1024,false,1,1,1019756,3072.0
0,1,6,2048,false,1,8,1045652,56934.4
0,1,6,16384,false,1,1,1040229,33792.0
0,1,6,8192,false,1,1,1019536,17203.2
0,1,6,8192,true,1,1,1016816,17203.2
0,1,6,16384,true,1,8,1212651,415334.4
0,1,6,4096,false,1,1,999932,8806.4
0,1,6,2048,true,2,4,1022763,27545.6
0,1,6,1024,true,1,4,1015285,15872.0
0,1,6,4096,false,1,4,1031047,50995.2
0,1,6,2048,true,2,1,1017621,4915.2
0,1,6,2048,true,0,8,1036939,15667.2
0,1,6,1024,true,1,1,1001693,3584.0
0,1,6,4096,true,1,4,1033834,61132.8
0,1,6,1024,false,1,4,1024698,15769.6
0,1,6,16384,false,1,4,1092602,198451.2
0,1,6,8192,false,1,4,1044518,108339.2
0,1,6,8192,true,1,4,1051488,119091.2
0,1,6,8192,true,2,4,1053856,117862.4
0,1,6,16384,false,2,4,1100849,200704.0
0,1,6,8192,false,2,4,1051961,110182.4
0,1,6,2048,false,0,4,1035423,8806.4
0,1,6,4096,true,2,4,1035716,52121.6
0,1,6,1024,false,2,4,1038219,16486.4
0,1,6,1024,true,2,1,1007712,2867.2
0,1,6,1024,true,0,8,1010954,9318.4
0,1,6,4096,false,2,4,1063441,59392.0
0,1,6,2048,true,1,1,1011444,7065.6
0,1,6,16384,true,0,4,1092579,66355.2
0,1,6,4096,false,0,8,1036857,34304.0
0,1,6,1024,true,2,4,1052426,15257.6
0,1,6,4096,false,2,1,1012371,9216.0
0,1,6,2048,true,1,4,1005947,29696.0
0,1,6,16384,true,0,1,1053925,16896.0
0,1,6,16384,true,2,8,1211650,397824.0
0,1,6,8192,true,2,1,1030957,16793.6
0,1,6,8192,false,0,8,1074768,66969.6
0,1,6,16384,false,0,8,1118941,116121.6
0,1,6,16384,false,2,1,1042548,33792.0
0,1,6,8192,true,0,8,1068038,66560.0
0,1,6,8192,false,2,1,1018854,17408.0
0,1,6,2048,false,0,1,1026420,2457.6
0,1,6,1024,false,0,8,1029961,9420.8
0,1,6,4096,true,0,8,1064356,34304.0
0,1,6,4096,true,2,1,1023131,8806.4
0,1,6,2048,false,2,8,1049748,60211.2
0,1,6,1024,false,2,1,1010844,3072.0
0,1,6,8192,false,0,4,1063550,33587.2
0,1,6,16384,false,0,4,1099246,66252.8
0,1,6,8192,true,0,4,1056037,33484.8
0,1,6,1024,false,0,4,1006688,5017.6
0,1,6,4096,true,0,4,1044740,17100.8
0,1,6,2048,false,2,4,1015823,28774.4
0,1,6,4096,false,0,4,1020005,17305.6
0,1,6,1024,true,2,8,1042336,31129.6
0,1,6,1024,true,0,1,1006465,1536.0
0,1,6,2048,true,1,8,1040403,56934.4
0,1,6,16384,true,2,4,1120449,233164.8
0,1,6,4096,false,0,1,1019181,4710.4
0,1,6,1024,true,0,4,1008510,4915.2
0,1,6,4096,false,2,8,1112471,111206.4
0,1,6,16384,true,0,8,1147317,132403.2
0,1,6,16384,true,2,1,1034690,50073.6
0,1,6,8192,true,2,8,1151786,210636.8
0,1,6,8192,false,0,1,1030598,8806.4
0,1,6,16384,false,0,1,1047659,16793.6
0,1,6,16384,false,2,8,1208883,396800.0
0,1,6,8192,true,0,1,1025988,8601.6
0,1,6,8192,false,2,8,1106249,211660.8
0,1,6,2048,false,0,8,1043027,17920.0
0,1,6,1024,false,0,1,1001709,1331.2
0,1,6,4096,true,0,1,1017330,4608.0
0,1,6,4096,true,2,8,1088060,111308.8
0,1,6,2048,false,2,1,1002917,5120.0
0,1,6,1024,false,2,8,1037206,30310.4
0,1,6,4096,true,1,8,1055850,108032.0
0,1,6,1024,false,1,8,1046319,31334.4
0,1,6,2048,false,1,1,1003527,4710.4
0,1,6,16384,false,1,8,1223074,414105.6
0,1,6,8192,false,1,8,1214380,217804.8
0,1,6,8192,true,1,8,1107664,227123.2
0,1,6,16384,true,1,1,1023855,33587.2
0,1,6,4096,false,1,8,1072503,108236.8
0,1,6,2048,true,0,4,1008353,9113.6
0,1,6,16384,true,1,4,1118141,214937.6
0,1,6,2048,true,2,8,1085291,58982.4
0,1,6,2048,true,0,1,1030934,2662.4
0,1,6,1024,true,1,8,1054457,30208.0
0,1,6,2048,false,1,4,1029776,8806.4
0,1,8,16384,true,2,8,1244533,401100.8
0,1,8,16384,true,0,1,1068584,17100.8
0,1,8,4096,false,1,4,1015849,52121.6
0,1,8,2048,true,1,4,999534,30822.4
0,1,8,1024,true,2,4,1051489,16384.0
0,1,8,4096,true,2,1,1029640,9011.2
0,1,8,1024,false,1,4,1034814,14745.6
0,1,8,4096,true,0,8,1032159,30105.6
0,1,8,16384,false,1,4,1120618,217804.8
0,1,8,8192,false,1,4,1054006,101888.0
0,1,8,8192,true,0,8,1083874,67072.0
0,1,8,8192,true,2,1,1014088,18022.4
0,1,8,4096,true,2,4,1066093,57548.8
0,1,8,1024,false,1,1,1003384,4300.8
0,1,8,2048,false,1,8,1042117,61235.2
0,1,8,16384,false,1,1,1031817,33792.0
0,1,8,8192,false,1,1,1017316,17612.8
0,1,8,8192,true,2,4,1039875,101376.0
0,1,8,16384,true,0,4,1075300,66560.0
0,1,8,4096,false,1,1,1009086,9216.0
0,1,8,1024,true,0,8,1012497,9420.8
0,1,8,2048,true,1,1,992228,4915.2
0,1,8,1024,true,2,1,997689,3584.0
0,1,8,2048,true,0,8,1031265,15667.2
0,1,8,4096,false,0,8,1039153,34201.6
0,1,8,1024,true,1,1,999609,3276.8
0,1,8,4096,false,2,1,1014682,13516.8
0,1,8,2048,true,2,1,1002787,7168.0
0,1,8,8192,true,1,4,1047071,101785.6
0,1,8,8192,false,0,8,1058818,67174.4
0,1,8,16384,false,0,8,1123253,132608.0
0,1,8,16384,false,2,1,1037729,33996.8
0,1,8,8192,false,2,1,1044448,26009.6
0,1,8,2048,false,0,1,1015154,2662.4
0,1,8,1024,false,0,8,1025837,10035.2
0,1,8,4096,true,1,4,1022367,52838.4
0,1,8,2048,false,2,8,1056812,59187.2
0,1,8,1024,false,2,1,998154,3174.4
0,1,8,8192,true,1,1,1009991,17408.0
0,1,8,16384,false,2,4,1130432,216064.0
0,1,8,8192,false,2,4,1064836,108441.6
0,1,8,2048,false,0,4,1027415,9216.0
0,1,8,4096,true,1,1,1019328,9011.2
0,1,8,1024,false,2,4,1065300,4608.0
0,1,8,1024,true,1,4,1057769,15872.0
0,1,8,4096,false,2,4,1042675,60620.8
0,1,8,2048,true,2,4,1040401,31334.4
0,1,8,16384,true,1,8,1212446,418406.4
0,1,8,2048,true,0,1,1032485,2457.6
0,1,8,1024,true,1,8,1116140,33484.8
0,1,8,4096,false,0,1,1037675,4505.6
0,1,8,4096,false,2,8,1100537,110182.4
0,1,8,2048,true,2,8,1078856,58060.8
0,1,8,16384,true,1,4,1105386,200192.0
0,1,8,8192,false,0,1,1037647,8908.8
0,1,8,16384,false,0,1,1059071,16998.4
0,1,8,16384,false,2,8,1219837,396697.6
0,1,8,8192,false,2,8,1124141,204492.8
0,1,8,2048,false,0,8,1043110,17920.0
0,1,8,1024,false,0,1,1031032,1843.2
0,1,8,2048,false,2,1,1025919,5222.4
0,1,8,1024,false,2,8,1135811,34508.8
0,1,8,8192,true,1,8,1126313,212582.4
0,1,8,8192,false,0,4,1058518,33894.4
0,1,8,16384,false,0,4,1096161,66150.4
0,1,8,1024,false,0,4,1029721,5017.6
0,1,8,4096,true,1,8,1085362,101785.6
0,1,8,2048,false,2,4,1018487,28160.0
0,1,8,2048,true,0,4,1011279,9113.6
0,1,8,4096,false,0,4,1138460,9216.0
0,1,8,16384,true,1,1,1042535,33280.0
0,1,8,16384,true,2,1,1021606,33792.0
0,1,8,16384,true,0,8,1134352,132812.8
0,1,8,1024,true,0,4,1008305,5222.4
0,1,8,4096,true,2,8,1092288,104038.4
0,1,8,2048,false,1,4,1017993,35737.6
0,1,8,4096,true,0,1,1025284,4710.4
0,1,8,8192,true,0,1,1020045,8908.8
0,1,8,8192,true,2,8,1134516,203264.0
0,1,8,1024,false,1,8,1066757,31334.4
0,1,8,2048,false,1,1,1005340,5222.4
0,1,8,4096,true,0,4,1031995,17408.0
0,1,8,16384,false,1,8,1194554,397824.0
0,1,8,8192,false,1,8,1125726,221900.8
0,1,8,8192,true,0,4,1035621,33689.6
0,1,8,16384,true,2,4,1122022,201420.8
0,1,8,1024,true,0,1,1010891,1638.4
0,1,8,4096,false,1,8,1068140,108032.0
0,1,8,2048,true,1,8,1060306,58060.8
0,1,8,1024,true,2,8,1065353,32358.4
0,2,3,1024,true,0,8,1019909,18739.2
0,2,3,1024,true,1,1,1016067,6451.2
0,2,3,1024,true,1,4,1051166,32665.6
0,2,3,1024,true,1,8,956043,
0,2,3,1024,true,0,4,1005958,9420.8
0,2,3,1024,true,0,1,985192,2457.6
0,2,2,1024,true,1,8,1052264,18534.4
0,2,2,1024,true,0,4,1027292,9318.4
0,2,2,1024,true,2,8,1052995,
0,2,2,1024,true,0,1,993877,2457.6
0,2,2,1024,true,2,4,1016725,29286.4
0,2,2,1024,true,2,1,5095451,5120.0
0,2,2,1024,true,0,8,5125081,17510.4
0,2,2,1024,true,1,1,5088418,4812.8
0,2,2,1024,true,1,4,1014039,30208.0
0,1,16,1024,false,1,4,1072660,18124.8
0,1,16,8192,false,2,4,1092337,105984.0
0,1,16,4096,false,0,8,1072360,34713.6
0,1,16,16384,false,1,8,1251100,454656.0
0,1,16,4096,true,2,4,1058498,57548.8
0,1,16,4096,false,2,1,1047538,14540.8
0,1,16,2048,false,2,8,1079940,62259.2
0,1,16,2048,true,0,4,1029244,9216.0
0,1,16,1024,true,2,4,1037884,19456.0
0,1,16,2048,false,0,1,1053539,2969.6
0,1,16,8192,true,2,4,1051507,103116.8
0,1,16,16384,true,2,4,1157325,200806.4
0,1,16,1024,true,0,8,1018981,9932.8
0,1,16,2048,true,0,1,1065708,2867.2
0,1,16,1024,true,2,1,1015660,3788.8
0,1,16,2048,true,2,8,1093670,65740.8
0,1,16,2048,false,0,4,1037168,9830.4
0,1,16,16384,true,0,8,1165722,132812.8
0,1,16,8192,true,0,8,1084014,67379.2
0,1,16,8192,true,2,1,1040514,27033.6
0,1,16,16384,true,2,1,1063170,34713.6
0,1,16,8192,false,0,8,1075358,59596.8
0,1,16,1024,false,1,1,1013305,4505.6
0,1,16,8192,false,2,1,1058042,26112.0
0,1,16,4096,true,0,8,1043547,35020.8
0,1,16,4096,false,2,4,1068361,56217.6
0,1,16,4096,true,2,1,1043027,14336.0
0,1,16,4096,true,1,1,1031141,9420.8
0,1,16,4096,false,1,4,1042723,58060.8
0,1,16,16384,false,0,4,1107474,67276.8
0,1,16,1024,false,0,8,1035386,10240.0
0,1,16,8192,false,1,1,1043292,18227.2
0,1,16,1024,false,2,1,1017226,3788.8
0,1,16,8192,true,1,1,1047149,18124.8
0,1,16,16384,true,1,1,1066577,34713.6
0,1,16,2048,true,1,8,1056478,64409.6
0,1,16,1024,true,1,1,1016831,3788.8
0,1,16,8192,true,1,4,1079656,105472.0
0,1,16,16384,true,1,4,1135731,200192.0
0,1,16,1024,true,1,4,1030476,20480.0
0,1,16,2048,false,1,8,1052932,54784.0
0,1,16,16384,false,2,8,1267242,403251.2
0,1,16,4096,false,1,1,1033164,9216.0
0,1,16,4096,true,1,4,1055014,59289.6
0,1,16,16384,false,0,1,1069368,17510.4
0,1,16,8192,false,1,4,1075456,111923.2
0,1,16,1024,false,2,4,1075265,18124.8
0,1,16,16384,false,2,4,1154039,218521.6
0,1,16,4096,true,1,8,1080284,109465.6
0,1,16,1024,false,0,1,1028473,1843.2
0,1,16,8192,false,1,8,1142013,205414.4
0,1,16,1024,false,2,8,1048632,34713.6
0,1,16,8192,true,1,8,1161031,210944.0
0,1,16,16384,true,1,8,1257317,420761.6
0,1,16,2048,true,1,1,1023850,5939.2
0,1,16,1024,true,1,8,1098257,34611.2
0,1,16,2048,false,1,4,1040441,32665.6
0,1,16,2048,true,1,4,1026929,33894.4
0,1,16,2048,false,1,1,1021955,7987.2
0,1,16,16384,false,2,1,1053509,34508.8
0,1,16,4096,false,1,8,1098104,110489.6
0,1,16,16384,false,0,8,1175746,133120.0
0,1,16,1024,false,0,4,1028002,5427.2
0,1,16,8192,false,0,4,1059762,33792.0
0,1,16,4096,true,0,4,1056284,18022.4
0,1,16,4096,false,0,1,1076641,5222.4
0,1,16,16384,false,1,1,1071960,34713.6
0,1,16,4096,false,2,8,1092395,113561.6
0,1,16,2048,false,2,1,1030383,8806.4
0,1,16,1024,true,0,4,1013177,5734.4
0,1,16,2048,true,2,4,1061339,38502.4
0,1,16,2048,false,0,8,1035138,18329.6
0,1,16,16384,true,0,4,1098933,67072.0
0,1,16,8192,true,0,4,1054718,34099.2
0,1,16,2048,false,2,4,1028347,29900.8
0,1,16,1024,true,0,1,1022368,2355.2
0,1,16,2048,true,0,8,1035876,18432.0
0,1,16,1024,true,2,8,1098137,41062.4
0,1,16,2048,true,2,1,1031977,8601.6
0,1,16,16384,true,0,1,1104398,17510.4
0,1,16,8192,true,0,1,1047625,9216.0
0,1,16,8192,true,2,8,1159170,207769.6
0,1,16,16384,true,2,8,1274109,422809.6
0,1,16,8192,false,0,1,1047776,9011.2
0,1,16,1024,false,1,8,952808,41062.4
0,1,16,8192,false,2,8,1137867,215859.2
0,1,16,4096,false,0,4,1041689,17715.2
0,1,16,4096,true,0,1,1072937,4608.0
0,1,16,16384,false,1,4,1154416,218931.2
0,1,16,4096,true,2,8,1130866,118886.4
0,8,1,1024,true,2,8,1269630,72806.4
0,8,1,2048,true,1,8,1380942,431001.6
0,8,1,1024,true,0,1,1023240,9318.4
0,8,1,16384,true,2,4,1719715,528588.8
0,8,1,2048,false,1,4,1152639,212275.2
0,8,1,8192,true,0,4,1314578,266342.4
0,8,1,4096,true,0,4,1211075,135168.0
0,8,1,1024,false,1,8,1320102,228352.0
0,8,1,2048,false,1,1,1058209,17408.0
0,8,1,8192,true,2,8,1987123,1677721.6
0,8,1,8192,true,0,1,1099154,66662.4
0,8,1,4096,true,0,1,1076355,33996.8
0,8,1,8192,false,1,8,1943286,1677721.6
0,8,1,16384,false,1,8,2071719,1048576.0
0,8,1,4096,true,2,8,1628918,855552.0
0,8,1,1024,true,0,4,1088193,37068.8
0,8,1,4096,false,1,8,1533560,838348.8
0,8,1,16384,true,0,8,2007033,1040588.8
0,8,1,16384,true,2,1,1278862,314060.8
0,8,1,4096,false,0,1,1067991,33792.0
0,8,1,16384,true,1,1,1245749,297574.4
0,8,1,4096,false,2,8,1580491,270540.8
0,8,1,2048,true,0,4,1141000,67584.0
0,8,1,16384,false,0,1,1190882,132198.4
0,8,1,4096,true,1,8,1374872,270336.0
0,8,1,8192,false,0,1,1095311,66764.8
0,8,1,8192,false,2,8,2011518,1677721.6
0,8,1,16384,false,2,8,2290784,1040281.6
0,8,1,2048,false,0,8,1483452,134656.0
0,8,1,1024,false,0,1,1043883,9216.0
0,8,1,2048,false,2,1,1071749,41574.4
0,8,1,1024,false,2,8,1439442,231321.6
0,8,1,8192,true,1,8,1929820,1677721.6
0,8,1,16384,false,0,4,1561379,512000.0
0,8,1,8192,false,0,4,1334799,266240.0
0,8,1,1024,false,0,4,1094882,36864.0
0,8,1,2048,false,2,4,1203013,69529.6
0,8,1,16384,true,1,4,1621253,528486.4
0,8,1,4096,false,0,4,1198747,134860.8
0,8,1,2048,true,2,8,1366309,430796.8
0,8,1,1024,true,1,8,1426318,233164.8
0,8,1,2048,true,0,1,1049898,17510.4
0,8,1,16384,true,1,8,2766195,3250585.6
0,8,1,4096,false,0,8,1537334,253440.0
0,8,1,4096,false,2,1,1128320,72192.0
0,8,1,2048,true,2,4,1183175,69836.8
0,8,1,1024,true,1,4,1132919,37068.8
0,8,1,16384,false,0,8,2067792,1023590.4
0,8,1,8192,false,0,8,1570814,532480.0
0,8,1,4096,true,1,1,1090633,76390.4
0,8,1,8192,false,2,1,1150181,158412.8
0,8,1,16384,false,2,1,1251442,281190.4
0,8,1,2048,false,0,1,1065152,17408.0
0,8,1,1024,false,0,8,1208274,73830.4
0,8,1,2048,false,2,8,1524275,424448.0
0,8,1,1024,false,2,1,1052182,20070.4
0,8,1,8192,true,1,1,1134007,66662.4
0,8,1,4096,true,1,4,1208112,135168.0
0,8,1,8192,false,2,4,1454952,266240.0
0,8,1,16384,false,2,4,1695666,528486.4
0,8,1,2048,false,0,4,1155125,69734.4
0,8,1,1024,false,2,4,1174429,36761.6
0,8,1,8192,true,1,4,1349543,266342.4
0,8,1,4096,false,2,4,1342585,431923.2
0,8,1,2048,true,2,1,1091861,39628.8
0,8,1,1024,true,1,1,1054244,9113.6
0,8,1,2048,true,0,8,1275932,139264.0
0,8,1,1024,true,2,1,1075457,21094.4
0,8,1,2048,true,1,1,1064161,35225.6
0,8,1,1024,true,0,8,1209001,73830.4
0,8,1,4096,false,1,4,1269615,431923.2
0,8,1,16384,true,0,4,1574050,511897.6
0,8,1,1024,false,1,4,1189895,117555.2
0,8,1,8192,true,2,4,1503937,866201.6
0,8,1,8192,false,1,4,1321149,266342.4
0,8,1,16384,false,1,4,1578588,495308.8
0,8,1,4096,true,2,4,1272953,135270.4
0,8,1,1024,false,1,1,1057274,9318.4
0,8,1,2048,false,1,8,1348991,428953.6
0,8,1,8192,true,2,1,1172054,66560.0
0,8,1,8192,true,0,8,1597316,532582.4
0,8,1,8192,false,1,1,1130313,158412.8
0,8,1,4096,true,0,8,1379659,270438.4
0,8,1,16384,false,1,1,1209841,132198.4
0,8,1,4096,true,2,1,1103263,33792.0
0,8,1,1024,true,2,4,1166495,112947.2
0,8,1,2048,true,1,4,1157057,69734.4
0,8,1,16384,true,0,1,1192716,132300.8
0,8,1,4096,false,1,1,1098294,33792.0
0,8,1,16384,true,2,8,2750029,3250585.6
0,32,1,1024,false,0,1,1101077,36966.4
0,32,1,8192,false,1,8,3392483,2097152.0
0,32,1,1024,false,2,8,2113762,931430.4
0,32,1,16384,false,2,4,4433208,6606028.8
0,32,1,2048,true,1,4,1626712,276480.0
0,32,1,2048,false,1,4,1608957,278528.0
0,32,1,1024,true,1,8,2189581,933376.0
0,32,1,2048,true,1,1,1209281,161996.8
0,32,1,2048,false,1,1,1201942,161689.6
0,32,1,8192,true,1,8,5016714,6606028.8
0,32,1,16384,true,1,8,8658018,13212057.6
0,32,1,1024,false,0,4,1403898,146227.2
0,32,1,16384,false,2,1,1999188,1153433.6
0,32,1,4096,false,1,8,2634626,1048576.0
0,32,1,4096,true,1,8,3457432,3355443.2
0,32,1,16384,false,0,8,5049386,4194304.0
0,32,1,4096,false,0,1,1240590,135372.8
0,32,1,4096,true,0,1,1247688,135168.0
0,32,1,16384,false,1,1,1797711,528281.6
0,32,1,4096,true,2,8,3420039,3355443.2
0,32,1,4096,false,2,8,3407920,3355443.2
0,32,1,8192,false,0,4,2250981,1048576.0
0,32,1,16384,true,0,1,1683866,528588.8
0,32,1,8192,true,0,1,1375213,266649.6
0,32,1,8192,true,2,8,3592566,2097152.0
0,32,1,16384,true,2,8,5590999,4194304.0
0,32,1,2048,false,2,1,1226175,69734.4
0,32,1,2048,true,0,8,2175055,542720.0
0,32,1,1024,true,0,1,1104724,37068.8
0,32,1,2048,true,2,1,1245804,159846.4
0,32,1,1024,true,2,8,2198392,920064.0
0,32,1,2048,false,0,8,2181945,550297.6
0,32,1,16384,true,0,4,3211666,2097152.0
0,32,1,8192,true,0,4,2222221,1048576.0
0,32,1,2048,false,2,4,1760452,872550.4
0,32,1,1024,true,0,4,1423063,146432.0
0,32,1,2048,true,2,4,1824898,866611.2
0,32,1,4096,true,0,4,1820382,541491.2
0,32,1,4096,false,0,4,1799241,540876.8
0,32,1,16384,false,1,4,3231171,2097152.0
0,32,1,8192,false,0,1,1392519,266240.0
0,32,1,1024,false,1,8,2056645,916889.6
0,32,1,8192,false,2,8,5076496,6606028.8
0,32,1,4096,true,0,8,2621354,1048576.0
0,32,1,4096,false,0,8,2605198,1048576.0
0,32,1,16384,false,1,8,5140438,4089446.4
0,32,1,4096,false,2,1,1383956,135168.0
0,32,1,4096,true,2,1,1378242,288153.6
0,32,1,1024,false,1,4,1580668,464588.8
0,32,1,8192,false,2,4,6542032,1048576.0
0,32,1,16384,true,0,8,5175529,4194304.0
0,32,1,8192,true,0,8,3478422,2097152.0
0,32,1,8192,true,2,1,1592594,266035.2
0,32,1,16384,true,2,1,1920970,528281.6
0,32,1,2048,false,2,8,2273599,549171.2
0,32,1,2048,true,0,1,1172983,69632.0
0,32,1,1024,true,0,8,1954488,287539.2
0,32,1,2048,true,2,8,2637469,1782579.2
0,32,1,1024,true,2,1,1172515,36761.6
0,32,1,2048,false,0,1,1164840,69427.2
0,32,1,8192,true,2,4,3005380,3355443.2
0,32,1,16384,true,2,4,8598312,6710886.4
0,32,1,2048,true,0,4,1550017,279040.0
0,32,1,1024,true,2,4,1551530,463974.4
0,32,1,2048,false,0,4,1555735,276582.4
0,32,1,4096,true,2,4,2042599,537088.0
0,32,1,4096,false,2,4,1943895,541593.6
0,32,1,8192,false,0,8,3505076,2097152.0
0,32,1,1024,false,1,1,1180304,37068.8
0,32,1,8192,false,2,1,1605985,583577.6
0,32,1,1024,false,0,8,1827739,290508.8
0,32,1,8192,false,1,1,1502799,266137.6
0,32,1,1024,false,2,1,1187572,83968.0
0,32,1,4096,false,1,4,1866896,536576.0
0,32,1,4096,true,1,4,1875445,540774.4
0,32,1,16384,false,0,4,3175924,2097152.0
0,32,1,1024,true,1,4,1559036,462028.8
0,32,1,8192,true,1,4,2875372,3355443.2
0,32,1,16384,true,1,4,3253965,2097152.0
0,32,1,1024,true,1,1,1159785,36966.4
0,32,1,2048,true,1,8,2069425,548659.2
0,32,1,2048,false,1,8,2450486,1782579.2
0,32,1,8192,true,1,1,1503202,608563.2
0,32,1,16384,true,1,1,1883592,1153433.6
0,32,1,8192,false,1,4,2364809,1048576.0
0,32,1,1024,false,2,4,1545367,465715.2
0,32,1,16384,false,2,8,5204325,4194304.0
0,32,1,4096,true,1,1,1308558,317644.8
0,32,1,4096,false,1,1,1274319,135168.0
0,32,1,16384,false,0,1,1691503,528486.4
0,1,3,4096,true,1,8,1050921,33894.4
0,1,3,8192,true,1,8,1113367,217804.8
0,1,3,4096,false,2,4,1046468,59392.0
0,1,3,2048,false,0,4,1017562,8908.8
0,1,3,1024,false,2,4,1014221,4710.4
0,1,3,16384,true,1,1,1022307,33280.0
0,1,3,2048,true,0,4,1052477,8806.4
0,1,3,8192,false,2,4,1072365,116633.6
0,1,3,16384,false,2,4,1163056,215449.6
0,1,3,1024,false,0,8,999381,9318.4
0,1,3,2048,false,0,1,1007246,2457.6
0,1,3,1024,false,2,1,1017910,3584.0
0,1,3,16384,true,1,4,1049119,66150.4
0,1,3,2048,false,2,8,1073245,55910.4
0,1,3,1024,true,1,8,1041168,29081.6
0,1,3,16384,false,0,8,1131535,132300.8
0,1,3,8192,false,0,8,1080548,66764.8
0,1,3,2048,true,0,1,1024562,2150.4
0,1,3,2048,true,2,8,1054822,61132.8
0,1,3,8192,false,2,1,1022881,16793.6
0,1,3,16384,false,2,1,1022114,33382.4
0,1,3,4096,false,0,8,1050471,33996.8
0,1,3,4096,false,2,1,1009102,8704.0
0,1,3,8192,true,0,4,1043298,33484.8
0,1,3,4096,false,1,1,990258,8704.0
0,1,3,4096,true,0,4,1044349,17203.2
0,1,3,8192,false,1,1,1012677,25088.0
0,1,3,2048,true,1,8,1050386,52736.0
0,1,3,16384,false,1,1,1002046,33382.4
0,1,3,1024,true,0,1,1009355,1433.6
0,1,3,1024,true,2,8,1126777,31436.8
0,1,3,2048,false,1,8,1036600,17408.0
0,1,3,16384,true,2,4,1115635,231321.6
0,1,3,1024,false,1,1,1010778,2457.6
0,1,3,8192,false,1,4,1053685,101273.6
0,1,3,16384,false,1,4,1075171,214937.6
0,1,3,1024,true,0,4,986013,4812.8
0,1,3,16384,true,2,1,999308,33177.6
0,1,3,1024,false,1,4,1012418,4505.6
0,1,3,16384,true,0,8,1127063,115814.4
0,1,3,8192,true,0,1,1029860,8704.0
0,1,3,4096,false,1,4,1031748,16998.4
0,1,3,8192,true,2,8,1119854,216576.0
0,1,3,4096,true,2,8,1081304,101785.6
0,1,3,4096,true,0,1,1026158,4403.2
0,1,3,4096,false,1,8,1079446,111206.4
0,1,3,8192,true,2,4,1068876,100044.8
0,1,3,4096,true,2,4,1037168,16896.0
0,1,3,8192,false,1,8,1095848,208384.0
0,1,3,2048,true,1,1,990019,4710.4
0,1,3,16384,false,1,8,1195078,413081.6
0,1,3,1024,true,0,8,995620,9420.8
0,1,3,1024,true,2,1,992883,3788.8
0,1,3,2048,false,1,1,1003293,4608.0
0,1,3,1024,false,1,8,1087289,30208.0
0,1,3,16384,true,0,4,1061883,66252.8
0,1,3,2048,true,1,4,1010304,27648.0
0,1,3,1024,true,2,4,1012811,14028.8
0,1,3,2048,false,1,4,1011958,27033.6
0,1,3,16384,true,2,8,1178714,132198.4
0,1,3,16384,true,0,1,1014709,16691.2
0,1,3,8192,true,0,8,1060838,66764.8
0,1,3,8192,true,2,1,1019053,25292.8
0,1,3,4096,true,2,1,1005772,8601.6
0,1,3,4096,true,0,8,1052726,33894.4
0,1,3,4096,true,1,1,995647,8806.4
0,1,3,4096,false,0,4,1020867,17100.8
0,1,3,8192,true,1,1,1018647,16998.4
0,1,3,1024,false,0,4,991836,4710.4
0,1,3,16384,true,1,8,1194023,413184.0
0,1,3,2048,false,2,4,1033829,27545.6
0,1,3,1024,true,1,4,1041153,15257.6
0,1,3,16384,false,0,4,1081550,66457.6
0,1,3,8192,false,0,4,1033429,33484.8
0,1,3,2048,true,2,4,1003073,26419.2
0,1,3,1024,false,0,1,1015213,1331.2
0,1,3,2048,false,0,8,1020518,17715.2
0,1,3,1024,false,2,8,1048234,27955.2
0,1,3,2048,false,2,1,1009300,6860.8
0,1,3,1024,true,1,1,992937,3788.8
0,1,3,16384,false,0,1,1017753,16896.0
0,1,3,8192,false,0,1,1012899,8499.2
0,1,3,2048,true,0,8,1022603,15360.0
0,1,3,2048,true,2,1,1010338,4710.4
0,1,3,8192,false,2,8,1113710,217804.8
0,1,3,16384,false,2,8,1248857,415436.8
0,1,3,4096,true,1,4,1024977,52121.6
0,1,3,4096,false,0,1,1017964,4505.6
0,1,3,8192,true,1,4,1043669,33280.0
0,1,3,4096,false,2,8,1107919,105984.0
0,16,1,8192,false,0,4,1600014,532582.4
0,16,1,16384,false,1,1,1467078,562176.0
0,16,1,4096,true,0,1,1131000,67584.0
0,16,1,4096,false,2,8,1925409,519680.0
0,16,1,4096,true,2,8,1853285,532684.8
0,16,1,4096,false,0,1,1105690,67686.4
0,16,1,1024,true,0,1,1074839,18534.4
0,16,1,2048,true,0,8,1692573,271462.4
0,16,1,2048,false,0,8,1519476,271974.4
0,16,1,2048,false,2,1,1143954,78950.4
0,16,1,1024,true,2,8,1563310,146329.6
0,16,1,2048,true,2,1,1123420,83251.2
0,16,1,8192,true,0,1,1191767,133324.8
0,16,1,16384,true,0,1,1373836,264396.8
0,16,1,16384,true,2,8,3251793,2097152.0
0,16,1,8192,true,2,8,2371264,1014886.4
0,16,1,1024,true,0,4,1212318,73728.0
0,16,1,2048,false,2,4,1334028,139571.2
0,16,1,2048,true,2,4,1413049,435507.2
0,16,1,8192,true,0,4,1765748,515584.0
0,16,1,16384,true,0,4,2163068,1048576.0
0,16,1,8192,false,2,8,2986350,3355443.2
0,16,1,8192,false,0,1,1174146,133324.8
0,16,1,1024,false,1,8,1560263,467763.2
0,16,1,16384,false,1,4,2703881,3250585.6
0,16,1,4096,true,0,4,1417392,270643.2
0,16,1,4096,false,0,4,1406949,270438.4
0,16,1,16384,false,2,4,2404417,1039974.4
0,16,1,1024,false,2,8,1447952,147456.0
0,16,1,1024,false,0,1,1045729,18534.4
0,16,1,8192,false,1,8,2218835,1048576.0
0,16,1,2048,false,1,4,1298362,137216.0
0,16,1,2048,true,1,4,1276296,137318.4
0,16,1,16384,true,1,8,3183296,2097152.0
0,16,1,8192,true,1,8,2870704,3355443.2
0,16,1,2048,false,1,1,1137210,77004.8
0,16,1,2048,true,1,1,1108052,34918.4
0,16,1,1024,true,1,8,1571009,462028.8
0,16,1,4096,true,1,8,2296288,1677721.6
0,16,1,16384,false,0,8,3050548,2097152.0
0,16,1,16384,false,2,1,1529813,628019.2
0,16,1,4096,false,1,8,1757685,535961.6
0,16,1,1024,false,0,4,1200604,72396.8
0,16,1,4096,true,1,4,1555384,851353.6
0,16,1,16384,false,0,4,2103340,1040179.2
0,16,1,4096,false,1,4,1427104,270438.4
0,16,1,1024,false,2,1,1141446,18432.0
0,16,1,1024,false,0,8,1393709,145510.4
0,16,1,8192,false,1,1,1245676,300134.4
0,16,1,16384,true,1,4,2401667,1048576.0
0,16,1,8192,true,1,4,1980626,1677721.6
0,16,1,1024,true,1,4,1276310,234803.2
0,16,1,16384,true,1,1,1425501,264294.4
0,16,1,8192,true,1,1,1230747,133017.6
0,16,1,2048,false,1,8,1525648,271769.6
0,16,1,2048,true,1,8,1733158,872652.8
0,16,1,1024,true,1,1,1099571,43212.8
0,16,1,4096,true,1,1,1161398,67686.4
0,16,1,16384,false,0,1,1370324,264089.6
0,16,1,16384,false,2,8,4760472,6501171.2
0,16,1,4096,false,1,1,1162363,67584.0
0,16,1,1024,false,2,4,1278094,73728.0
0,16,1,8192,false,1,4,1667840,524390.4
0,16,1,8192,false,2,4,1784651,532275.2
0,16,1,1024,false,1,4,1258611,73728.0
0,16,1,16384,false,1,8,3304376,2097152.0
0,16,1,4096,false,2,1,1205499,67686.4
0,16,1,4096,true,0,8,1888479,524083.2
0,16,1,4096,false,0,8,1883763,528076.8
0,16,1,4096,true,2,1,1199848,135884.8
0,16,1,1024,true,0,8,1400091,143974.4
0,16,1,2048,true,0,1,1087760,34816.0
0,16,1,2048,false,0,1,1112009,34816.0
0,16,1,2048,false,2,8,1683241,270028.8
0,16,1,1024,true,2,1,1131488,39833.6
0,16,1,2048,true,2,8,1739261,868249.6
0,16,1,8192,true,0,8,2280212,1048166.4
0,16,1,16384,true,0,8,3033256,2097152.0
0,16,1,16384,true,2,1,1473077,264192.0
0,16,1,8192,true,2,1,1297774,308326.4
0,16,1,2048,true,0,4,1296984,137318.4
0,16,1,2048,false,0,4,1280333,139366.4
0,16,1,1024,true,2,4,1422829,232755.2
0,16,1,16384,true,2,4,2365714,1048576.0
0,16,1,8192,true,2,4,1957575,1677721.6
0,16,1,8192,false,2,1,1297326,283545.6
0,16,1,8192,false,0,8,2301711,1047756.8
0,16,1,1024,false,1,1,1100310,18432.0
0,16,1,4096,false,2,4,1556442,270438.4
0,16,1,4096,true,2,4,1494054,266547.2
0,1,4,2048,true,2,1,987525,6656.0
0,1,4,2048,false,0,4,1020262,9011.2
0,1,4,1024,false,2,4,1052617,15974.4
0,1,4,2048,true,0,8,1035984,17715.2
0,1,4,1024,true,1,1,982575,4198.4
0,1,4,8192,false,2,4,1051559,100147.2
0,1,4,16384,false,2,4,1097654,199065.6
0,1,4,8192,true,1,4,1077199,108441.6
0,1,4,4096,true,1,4,1031738,64102.4
0,1,4,4096,false,2,4,1036177,59904.0
0,1,4,8192,true,1,1,1017927,25088.0
0,1,4,4096,true,1,1,1000796,13004.8
0,1,4,4096,false,0,8,1041062,34099.2
0,1,4,4096,false,2,1,1017000,8806.4
0,1,4,2048,true,2,4,1036470,27648.0
0,1,4,1024,false,0,8,1038454,9216.0
0,1,4,2048,false,0,1,1009429,2252.8
0,1,4,1024,false,2,1,988271,3072.0
0,1,4,2048,false,2,8,1049634,54681.6
0,1,4,1024,true,1,4,1005973,15257.6
0,1,4,16384,false,0,8,1117910,132096.0
0,1,4,8192,false,0,8,1094363,66662.4
0,1,4,16384,true,1,8,1232186,415436.8
0,1,4,8192,false,2,1,1029192,16998.4
0,1,4,16384,false,2,1,1024674,33280.0
0,1,4,8192,false,1,1,1010947,16896.0
0,1,4,16384,true,0,1,1024539,16793.6
0,1,4,16384,false,1,1,998195,50176.0
0,1,4,16384,true,2,8,1211775,398745.6
0,1,4,2048,false,1,8,1066221,53760.0
0,1,4,1024,false,1,1,996470,2867.2
0,1,4,1024,true,2,4,1023557,15872.0
0,1,4,2048,true,1,4,1006157,27033.6
0,1,4,4096,false,1,1,998170,8806.4
0,1,4,4096,true,0,8,1031787,30003.2
0,1,4,4096,true,2,1,996410,8704.0
0,1,4,8192,true,2,1,1021739,17203.2
0,1,4,8192,true,0,8,1060574,58572.8
0,1,4,4096,false,1,4,1025095,50995.2
0,1,4,4096,true,2,4,1027779,50995.2
0,1,4,8192,true,2,4,1085214,100761.6
0,1,4,16384,true,0,4,1076654,66252.8
0,1,4,8192,false,1,4,1059555,108339.2
0,1,4,16384,false,1,4,1099719,198348.8
0,1,4,1024,false,1,4,1011923,15872.0
0,1,4,1024,true,2,1,994320,2662.4
0,1,4,1024,true,0,8,1028910,9420.8
0,1,4,2048,true,1,1,989930,4505.6
0,1,4,8192,false,1,8,1108901,211558.4
0,1,4,16384,true,0,8,1164574,132505.6
0,1,4,16384,false,1,8,1222966,415436.8
0,1,4,16384,true,2,1,1026613,33382.4
0,1,4,2048,false,1,1,1006492,2252.8
0,1,4,1024,false,1,8,1091489,33689.6
0,1,4,1024,true,0,4,992336,4812.8
0,1,4,4096,true,0,1,1008668,4403.2
0,1,4,4096,false,1,8,1075596,112435.2
0,1,4,4096,true,2,8,1080996,109363.2
0,1,4,8192,true,2,8,1156332,209408.0
0,1,4,8192,true,0,1,1015140,8499.2
0,1,4,4096,true,0,4,1055353,17203.2
0,1,4,8192,true,0,4,1035528,33484.8
0,1,4,16384,true,2,4,1111168,215449.6
0,1,4,2048,false,1,4,1006296,29696.0
0,1,4,1024,true,2,8,1058772,9216.0
0,1,4,1024,true,0,1,996758,1433.6
0,1,4,2048,true,1,8,1025042,58982.4
0,1,4,2048,true,2,8,1061460,52633.6
0,1,4,1024,false,0,4,1002262,4710.4
0,1,4,2048,true,0,1,1004742,2662.4
0,1,4,2048,false,2,4,1019837,29184.0
0,1,4,1024,true,1,8,1063846,31334.4
0,1,4,16384,false,0,4,1077941,66355.2
0,1,4,16384,true,1,4,1102417,215552.0
0,1,4,8192,false,0,4,1044713,33792.0
0,1,4,4096,false,0,4,1015800,17100.8
0,1,4,8192,true,1,8,1060146,66560.0
0,1,4,4096,false,0,1,1032670,4505.6
0,1,4,4096,true,1,8,1047829,101990.4
0,1,4,4096,false,2,8,1093112,108236.8
0,1,4,1024,false,0,1,994885,1433.6
0,1,4,2048,false,0,8,1024825,17612.8
0,1,4,1024,false,2,8,1052665,9318.4
0,1,4,2048,true,0,4,1024869,8806.4
0,1,4,2048,false,2,1,991806,4710.4
0,1,4,16384,false,0,1,1041005,16998.4
0,1,4,8192,false,0,1,1002223,8704.0
0,1,4,16384,true,1,1,1010332,49868.8
0,1,4,8192,false,2,8,1176581,217804.8
0,1,4,16384,false,2,8,1255533,414208.0
0,1,5,4096,true,2,8,1091995,115302.4
0,1,5,1024,false,1,4,1042044,15360.0
0,1,5,4096,true,0,1,1018560,4403.2
0,1,5,8192,true,0,1,1015291,8499.2
0,1,5,8192,false,1,4,1057800,117862.4
0,1,5,8192,true,2,8,1105869,203366.4
0,1,5,16384,false,1,4,1105486,215449.6
0,1,5,16384,true,2,1,1027533,50176.0
0,1,5,16384,true,0,8,1136670,132198.4
0,1,5,1024,true,0,4,1013962,5120.0
0,1,5,4096,false,1,4,1019073,52121.6
0,1,5,16384,true,2,4,1093805,198348.8
0,1,5,1024,true,0,1,1010199,1536.0
0,1,5,2048,true,1,8,1025355,55808.0
0,1,5,1024,true,2,8,1073536,31232.0
0,1,5,4096,false,1,1,1018937,9216.0
0,1,5,1024,false,1,1,1004059,2867.2
0,1,5,2048,false,1,8,1043694,56832.0
0,1,5,4096,true,0,4,1026696,17305.6
0,1,5,8192,true,0,4,1063598,33587.2
0,1,5,8192,false,1,1,1025847,17408.0
0,1,5,16384,false,1,1,1023997,50073.6
0,1,5,8192,false,2,1,1023949,16998.4
0,1,5,16384,false,2,1,1046135,49868.8
0,1,5,16384,false,0,8,1127731,132505.6
0,1,5,8192,false,0,8,1075679,66867.2
0,1,5,2048,false,2,8,1082260,54784.0
0,1,5,1024,false,2,1,1001129,2560.0
0,1,5,2048,false,0,1,1000406,2560.0
0,1,5,1024,false,0,8,1011981,9318.4
0,1,5,2048,true,0,1,1012335,2355.2
0,1,5,4096,false,2,1,1019405,13312.0
0,1,5,1024,true,1,8,1039218,31436.8
0,1,5,4096,false,0,8,1031829,33996.8
0,1,5,2048,true,2,8,1051216,54784.0
0,1,5,16384,true,1,4,1089812,199577.6
0,1,5,2048,true,0,4,1024463,9011.2
0,1,5,4096,false,2,4,1046968,51097.6
0,1,5,16384,true,1,1,1026898,49664.0
0,1,5,8192,true,1,8,1111692,228249.6
0,1,5,8192,false,2,4,1043883,100147.2
0,1,5,16384,false,2,4,1111532,198348.8
0,1,5,1024,false,2,4,1018815,15872.0
0,1,5,4096,true,1,8,1066553,113254.4
0,1,5,2048,false,0,4,1020157,9011.2
0,1,5,8192,true,1,4,1060371,101273.6
0,1,5,8192,false,2,8,1155039,201113.6
0,1,5,16384,false,2,8,1248833,416358.4
0,1,5,16384,false,0,1,1048934,16896.0
0,1,5,8192,false,0,1,1017955,8704.0
0,1,5,2048,false,2,1,1008387,4915.2
0,1,5,1024,false,2,8,1039295,31334.4
0,1,5,4096,true,1,4,1022486,55705.6
0,1,5,2048,false,0,8,1013658,15462.4
0,1,5,1024,false,0,1,1019825,1433.6
0,1,5,2048,true,0,8,1038656,17715.2
0,1,5,1024,true,1,1,995603,2867.2
0,1,5,4096,false,2,8,1130312,115404.8
0,1,5,4096,false,0,1,1007117,4505.6
0,1,5,2048,true,2,1,995770,4915.2
0,1,5,1024,true,1,4,1074271,16486.4
0,1,5,4096,false,0,4,1046039,17100.8
0,1,5,2048,true,2,4,1024943,28160.0
0,1,5,16384,true,1,8,1223866,396595.2
0,1,5,8192,true,1,1,1017269,25292.8
0,1,5,16384,false,0,4,1090016,66457.6
0,1,5,8192,false,0,4,1039600,33280.0
0,1,5,2048,false,2,4,1048236,29081.6
0,1,5,4096,true,1,1,1011241,8806.4
0,1,5,1024,false,0,4,1004296,4812.8
0,1,5,4096,true,2,1,1007851,8806.4
0,1,5,2048,false,1,4,1011677,28672.0
0,1,5,4096,true,0,8,1037575,33894.4
0,1,5,8192,true,0,8,1074077,66764.8
0,1,5,8192,true,2,1,1017708,17203.2
0,1,5,16384,true,2,8,1219270,430694.4
0,1,5,16384,true,0,1,1047726,16691.2
0,1,5,2048,true,1,4,1009389,31846.4
0,1,5,1024,true,2,4,1042972,16384.0
0,1,5,16384,true,0,4,1087124,66355.2
0,1,5,1024,true,0,8,1005169,9216.0
0,1,5,2048,true,1,1,1006441,6860.8
0,1,5,4096,false,1,8,1059725,102912.0
0,1,5,1024,true,2,1,1002115,3993.6
0,1,5,4096,true,2,4,1053061,52736.0
0,1,5,1024,false,1,8,1051449,28057.6
0,1,5,2048,false,1,1,1012680,5222.4
0,1,5,8192,false,1,8,1108305,201318.4
0,1,5,8192,true,2,4,1085937,110182.4
0,1,5,16384,false,1,8,1206003,415334.4
0,1,2,1024,true,2,1,982853,2662.4
0,1,2,2048,true,1,1,985903,2150.4
0,1,2,1024,true,0,8,1012142,9420.8
0,1,2,16384,true,0,4,1056752,66150.4
0,1,2,4096,false,1,4,1037233,55808.0
0,1,2,8192,true,2,4,1051214,100761.6
0,1,2,1024,false,1,4,1054639,14848.0
0,1,2,8192,false,1,4,1031827,33382.4
0,1,2,4096,true,2,4,1063697,55193.6
0,1,2,16384,false,1,4,1083713,214835.2
0,1,2,8192,true,2,1,1020485,16998.4
0,1,2,1024,false,1,1,990963,1228.8
0,1,2,2048,false,1,8,1017461,52633.6
0,1,2,8192,true,0,8,1077559,66662.4
0,1,2,4096,true,0,8,1043284,33996.8
0,1,2,8192,false,1,1,1003619,16896.0
0,1,2,4096,true,2,1,995422,8704.0
0,1,2,16384,false,1,1,1010696,49664.0
0,1,2,1024,true,2,4,996227,4710.4
0,1,2,2048,true,1,4,1016914,26419.2
0,1,2,16384,true,0,1,1005337,16691.2
0,1,2,16384,true,2,8,1224768,414310.4
0,1,2,4096,false,1,1,999263,8704.0
0,1,2,16384,true,1,8,1225237,414310.4
0,1,2,4096,false,2,1,992977,12800.0
0,1,2,4096,false,0,8,1048090,33894.4
0,1,2,2048,true,2,4,1007970,29081.6
0,1,2,1024,true,1,4,986170,16281.6
0,1,2,8192,false,2,1,1017936,16793.6
0,1,2,16384,false,2,1,1007788,49868.8
0,1,2,4096,true,1,1,978654,8806.4
0,1,2,16384,false,0,8,1132368,132096.0
0,1,2,8192,false,0,8,1073513,66764.8
0,1,2,2048,false,2,8,1017186,52633.6
0,1,2,1024,false,2,1,988753,2457.6
0,1,2,2048,false,0,1,1003187,2252.8
0,1,2,8192,true,1,1,1013140,16998.4
0,1,2,1024,false,0,8,998711,9318.4
0,1,2,8192,false,2,4,1071881,108339.2
0,1,2,16384,false,2,4,1125946,198451.2
0,1,2,4096,true,1,4,1016074,55808.0
0,1,2,1024,false,2,4,1005770,14745.6
0,1,2,8192,true,1,4,1049890,100761.6
0,1,2,2048,false,0,4,1016690,8704.0
0,1,2,4096,false,2,4,1070842,51097.6
0,1,2,2048,true,2,1,1000986,2150.4
0,1,2,1024,true,1,1,983457,3584.0
0,1,2,2048,true,0,8,1039821,17612.8
0,1,2,16384,true,1,1,988411,33280.0
0,1,2,4096,false,2,8,1136344,106086.4
0,1,2,4096,false,0,1,1001389,4403.2
0,1,2,2048,true,0,4,1020598,8806.4
0,1,2,8192,false,2,8,1114405,66662.4
0,1,2,16384,false,2,8,1243275,396697.6
0,1,2,4096,true,1,8,1049648,102809.6
0,1,2,16384,false,0,1,1014310,16793.6
0,1,2,8192,false,0,1,1008408,8601.6
0,1,2,2048,false,2,1,971239,6860.8
0,1,2,1024,false,2,8,1069672,28057.6
0,1,2,8192,true,1,8,1091029,216576.0
0,1,2,2048,false,0,8,1237911,15257.6
0,1,2,1024,false,0,1,969204,1331.2
0,1,2,16384,false,0,4,1065444,66150.4
0,1,2,8192,false,0,4,1035596,33587.2
0,1,2,2048,false,2,4,994500,8806.4
0,1,2,1024,false,0,4,975400,4710.4
0,1,2,16384,true,1,4,1081997,198963.2
0,1,2,4096,false,0,4,1029676,16998.4
0,1,2,2048,true,2,8,1189869,56934.4
0,1,2,1024,true,1,8,1018855,28057.6
0,1,2,2048,true,0,1,1008630,2252.8
0,1,2,1024,true,2,8,1034344,29286.4
0,1,2,2048,true,1,8,1029969,54681.6
0,1,2,1024,true,0,1,4974940,1433.6
0,1,2,16384,true,2,4,1094198,198348.8
0,1,2,2048,false,1,4,999642,26316.8
0,1,2,8192,true,0,4,1042747,33587.2
0,1,2,4096,true,0,4,995749,16793.6
0,1,2,8192,true,2,8,1128357,200192.0
0,1,2,1024,false,1,8,1052258,9216.0
0,1,2,8192,true,0,1,999617,8499.2
0,1,2,2048,false,1,1,5072443,2252.8
0,1,2,4096,true,0,1,1007145,4505.6
0,1,2,8192,false,1,8,1085929,209408.0
0,1,2,4096,true,2,8,1054295,33894.4
0,1,2,16384,false,1,8,1230697,430796.8
0,1,2,1024,true,0,4,991806,4710.4
0,1,2,16384,true,0,8,1110089,132198.4
0,1,2,16384,true,2,1,1007027,16588.8
0,1,2,4096,false,1,8,1059707,101888.0
0,6,1,1024,true,0,8,1161750,54272.0
0,6,1,2048,true,1,1,1059893,13004.8
0,6,1,1024,true,2,1,1051393,15360.0
0,6,1,4096,false,1,4,1148094,101273.6
0,6,1,16384,true,0,4,1437766,396390.4
0,6,1,8192,false,1,4,1367224,616550.4
0,6,1,8192,true,2,4,1382920,633139.2
0,6,1,16384,false,1,4,1522131,396390.4
0,6,1,4096,true,2,4,1187983,101068.8
0,6,1,1024,false,1,4,1100246,27852.8
0,6,1,8192,true,0,8,1440783,399872.0
0,6,1,8192,false,1,1,1104825,49971.2
0,6,1,8192,true,2,1,1111710,125132.8
0,6,1,16384,false,1,1,1201654,248012.8
0,6,1,4096,true,2,1,1064747,25395.2
0,6,1,1024,false,1,1,1042717,6860.8
0,6,1,2048,false,1,8,1221250,104550.4
0,6,1,4096,true,0,8,1275137,194457.6
0,6,1,2048,true,1,4,1135702,52326.4
0,6,1,4096,false,1,1,1051020,55193.6
0,6,1,1024,true,2,4,1099382,87347.2
0,6,1,16384,true,2,8,1892396,775987.2
0,6,1,16384,true,0,1,1158956,99123.2
0,6,1,16384,true,1,8,1748859,776396.8
0,6,1,1024,true,1,4,1097509,27443.2
0,6,1,4096,false,2,1,1057095,25292.8
0,6,1,4096,false,0,8,1268879,202752.0
0,6,1,2048,true,2,4,1176057,170496.0
0,6,1,2048,false,2,8,1267596,327782.4
0,6,1,1024,false,2,1,1088874,16384.0
0,6,1,4096,true,1,1,1087419,63692.8
0,6,1,2048,false,0,1,1033523,13209.6
0,6,1,1024,false,0,8,1159525,55398.4
0,6,1,8192,true,1,1,1113561,50073.6
0,6,1,8192,false,2,1,1109597,49971.2
0,6,1,16384,false,2,1,1175810,99020.8
0,6,1,16384,false,0,8,1819442,792576.0
0,6,1,8192,false,0,8,1430482,399564.8
0,6,1,1024,false,2,4,1096385,27648.0
0,6,1,4096,true,1,4,1166923,101171.2
0,6,1,2048,false,0,4,1081923,52326.4
0,6,1,8192,true,1,4,1235691,199680.0
0,6,1,8192,false,2,4,1369880,641536.0
0,6,1,16384,false,2,4,1708674,1258291.2
0,6,1,2048,true,0,8,1406670,100147.2
0,6,1,4096,false,2,4,1175710,101376.0
0,6,1,1024,true,1,1,1038369,15257.6
0,6,1,2048,true,2,1,1051555,13107.2
0,6,1,16384,true,1,1,1174062,99123.2
0,6,1,2048,true,0,4,1116547,52121.6
0,6,1,4096,false,2,8,1464151,198246.4
0,6,1,4096,false,0,1,1075521,25292.8
0,6,1,2048,false,2,1,1056517,26521.6
0,6,1,1024,false,2,8,1204021,177868.8
0,6,1,4096,true,1,8,1404609,626892.8
0,6,1,2048,false,0,8,1173026,102707.2
0,6,1,1024,false,0,1,1025678,6963.2
0,6,1,8192,true,1,8,1721838,1258291.2
0,6,1,8192,false,2,8,1746611,1258291.2
0,6,1,16384,false,2,8,2345801,2516582.4
0,6,1,16384,false,0,1,1158562,99225.6
0,6,1,8192,false,0,1,1074302,49971.2
0,6,1,2048,false,2,4,1098351,52224.0
0,6,1,1024,false,0,4,1098730,26624.0
0,6,1,16384,false,0,4,1439884,396288.0
0,6,1,8192,false,0,4,1224590,191385.6
0,6,1,16384,true,1,4,1514516,396390.4
0,6,1,2048,true,0,1,1044634,13107.2
0,6,1,1024,true,1,8,1373699,172134.4
0,6,1,4096,false,0,4,1138546,97177.6
0,6,1,2048,true,2,8,1290089,317337.6
0,6,1,1024,true,0,1,1026201,6963.2
0,6,1,2048,true,1,8,1270981,319488.0
0,6,1,1024,true,2,8,1209123,52940.8
0,6,1,16384,true,2,4,1721040,1258291.2
0,6,1,8192,true,0,4,1217827,199577.6
0,6,1,2048,false,1,4,1130354,166297.6
0,6,1,4096,true,0,4,1164583,101376.0
0,6,1,8192,true,0,1,1065714,49971.2
0,6,1,8192,false,1,8,1432236,382873.6
0,6,1,8192,true,2,8,1543296,399360.0
0,6,1,16384,false,1,8,2301827,2411724.8
0,6,1,4096,true,2,8,1439420,618393.6
0,6,1,1024,false,1,8,1174856,55808.0
0,6,1,2048,false,1,1,1043475,30720.0
0,6,1,4096,true,0,1,1067412,25395.2
0,6,1,1024,true,0,4,1066108,27852.8
0,6,1,4096,false,1,8,1287702,202956.8
0,6,1,16384,true,2,1,1200952,231526.4
0,6,1,16384,true,0,8,1763759,775987.2
0,2,1,16384,true,0,4,1124681,132300.8
0,2,1,1024,true,0,8,1058075,18432.0
0,2,1,4096,false,0,1,1008797,8396.8
0,2,1,2048,true,1,1,1009845,8908.8
0,2,1,1024,true,2,1,1008497,4812.8
0,2,1,4096,false,2,8,1119874,67686.4
0,2,1,4096,true,2,4,1069722,33792.0
0,2,1,1024,false,0,1,982877,2457.6
0,2,1,2048,false,0,8,1053296,35020.8
0,2,1,1024,false,2,8,1075425,58265.6
0,2,1,2048,false,2,1,1018175,4300.8
0,2,1,16384,false,0,1,1044510,32972.8
0,2,1,8192,false,0,1,1025499,16793.6
0,2,1,8192,false,2,8,1250078,399974.4
0,2,1,8192,true,2,4,1131378,233267.2
0,2,1,16384,false,2,8,1448508,842956.8
0,2,1,4096,true,2,1,1029540,8499.2
0,2,1,1024,false,0,4,1014499,9318.4
0,2,1,2048,false,2,4,1059979,17408.0
0,2,1,4096,true,0,8,1094163,67584.0
0,2,1,16384,false,0,4,1132135,132096.0
0,2,1,8192,true,0,8,1134630,133222.4
0,2,1,8192,false,0,4,1072361,66764.8
0,2,1,8192,true,2,1,1033060,33484.8
0,2,1,16384,true,2,8,1473588,793395.2
0,2,1,16384,true,0,1,1046684,33177.6
0,2,1,4096,false,0,4,1037261,33996.8
0,2,1,2048,true,1,4,1044807,52633.6
0,2,1,1024,true,2,4,1033438,9216.0
0,2,1,1024,true,1,4,1057355,29081.6
0,2,1,2048,true,2,4,1080329,17408.0
0,2,1,16384,true,1,8,1421086,793292.8
0,2,1,8192,true,1,1,1024780,41779.2
0,2,1,2048,false,1,4,1034810,15257.6
0,2,1,4096,true,1,1,1030002,8499.2
0,2,1,8192,true,1,4,1119396,208486.4
0,2,1,8192,false,1,8,1137242,132915.2
0,2,1,16384,false,1,8,1424871,809676.8
0,2,1,2048,false,1,1,1004932,4300.8
0,2,1,1024,false,1,8,1092694,56012.8
0,2,1,4096,true,1,4,1183522,101785.6
0,2,1,2048,true,0,8,1046250,34713.6
0,2,1,4096,false,1,8,1092081,67481.6
0,2,1,1024,true,1,1,1022152,4915.2
0,2,1,2048,true,2,1,1017116,11059.2
0,2,1,2048,true,0,4,1032755,17408.0
0,2,1,4096,false,1,4,1072144,33792.0
0,2,1,16384,true,1,1,1029228,66252.8
0,2,1,8192,true,1,8,1166963,133120.0
0,2,1,8192,false,1,4,1052407,66662.4
0,2,1,16384,false,1,4,1227317,429772.8
0,2,1,1024,false,1,4,1040713,29184.0
0,2,1,4096,true,1,8,1161238,207667.2
0,2,1,8192,false,1,1,1022643,16588.8
0,2,1,16384,false,1,1,1042771,99225.6
0,2,1,2048,false,1,8,1093589,113766.4
0,2,1,1024,false,1,1,1005405,2355.2
0,2,1,2048,true,0,1,1000104,4403.2
0,2,1,4096,false,1,1,1033885,8499.2
0,2,1,1024,true,1,8,1031237,18534.4
0,2,1,2048,true,2,8,1071826,34918.4
0,2,1,16384,true,1,4,1209918,413184.0
0,2,1,16384,true,2,4,1241802,413184.0
0,2,1,1024,true,0,1,989411,2457.6
0,2,1,4096,false,0,8,1078073,67686.4
0,2,1,2048,true,1,8,1081130,109465.6
0,2,1,1024,true,2,8,1076904,57241.6
0,2,1,4096,false,2,1,1014550,8499.2
0,2,1,1024,false,0,8,1044475,18432.0
0,2,1,2048,false,0,1,993661,4505.6
0,2,1,1024,false,2,1,1009450,4812.8
0,2,1,2048,false,2,8,1067769,34816.0
0,2,1,4096,true,0,4,1045220,33894.4
0,2,1,16384,false,0,8,1221819,247603.2
0,2,1,8192,true,0,4,1097861,66560.0
0,2,1,8192,false,0,8,1126958,133222.4
0,2,1,8192,false,2,1,1029552,16588.8
0,2,1,16384,false,2,1,1056694,32972.8
0,2,1,4096,true,2,8,1166928,211763.2
0,2,1,2048,false,0,4,1019960,17510.4
0,2,1,1024,false,2,4,1051830,9216.0
0,2,1,4096,true,0,1,1016201,8499.2
0,2,1,8192,true,0,1,1027182,16793.6
0,2,1,8192,false,2,4,1081662,58368.0
0,2,1,8192,true,2,8,1139483,133222.4
0,2,1,16384,false,2,4,1180982,132198.4
0,2,1,16384,true,2,1,1052250,33075.2
0,2,1,16384,true,0,8,1267937,264192.0
0,2,1,1024,true,0,4,1004446,9216.0
0,2,1,4096,false,2,4,1095749,33792.0
0,3,1,4096,true,1,4,1135812,161075.2
0,3,1,4096,false,2,4,1123477,156774.4
0,3,1,8192,true,1,4,1348550,308326.4
0,3,1,8192,false,2,4,1190194,325017.6
0,3,1,16384,false,2,4,1287257,198348.8
0,3,1,2048,true,2,1,1012999,15462.4
0,3,1,2048,false,0,4,1030371,26316.8
0,3,1,1024,true,1,1,1007358,3481.6
0,3,1,1024,false,2,4,1064721,44134.4
0,3,1,2048,true,0,8,1118680,52531.2
0,3,1,16384,false,0,8,1409659,379904.0
0,3,1,16384,true,1,8,1369316,379904.0
0,3,1,8192,false,0,8,1207363,199680.0
0,3,1,8192,false,2,1,1054128,24985.6
0,3,1,16384,false,2,1,1103319,115814.4
0,3,1,2048,true,2,4,1098342,80998.4
0,3,1,2048,false,0,1,1020981,6656.0
0,3,1,1024,false,0,8,1041311,27750.4
0,3,1,2048,false,2,8,1134836,52224.0
0,3,1,1024,false,2,1,1006540,3481.6
0,3,1,1024,true,1,4,1055845,41984.0
0,3,1,4096,false,0,8,1173241,101580.8
0,3,1,4096,true,1,1,1049490,29798.4
0,3,1,4096,false,2,1,1073188,12697.6
0,3,1,8192,true,1,1,1055146,24985.6
0,3,1,8192,true,2,1,1054256,24985.6
0,3,1,8192,true,0,8,1184884,191385.6
0,3,1,4096,true,0,8,1167948,100966.4
0,3,1,4096,false,1,1,1040969,12697.6
0,3,1,4096,true,2,1,1041382,12595.2
0,3,1,1024,true,2,4,1065598,41984.0
0,3,1,1024,false,1,1,997070,3481.6
0,3,1,2048,false,1,8,1130599,159846.4
0,3,1,2048,true,1,4,1047861,26214.4
0,3,1,8192,false,1,1,1074654,50073.6
0,3,1,16384,true,0,1,1083673,49664.0
0,3,1,16384,false,1,1,1072676,99328.0
0,3,1,16384,true,2,8,1474205,396288.0
0,3,1,1024,false,1,4,1035675,42086.4
0,3,1,1024,true,2,1,991829,3481.6
0,3,1,2048,true,1,1,1014169,6553.6
0,3,1,1024,true,0,8,5142217,26624.0
0,3,1,8192,false,1,4,1136224,99942.4
0,3,1,16384,true,0,4,1234593,181657.6
0,3,1,16384,false,1,4,1361823,611430.4
0,3,1,8192,true,2,4,1226713,308428.8
0,3,1,4096,false,1,4,1074718,50585.6
0,3,1,4096,true,2,4,1143840,160972.8
0,3,1,8192,true,2,8,1249672,191283.2
0,3,1,8192,true,0,1,1043380,25088.0
0,3,1,4096,true,0,1,1036156,12697.6
0,3,1,4096,false,1,8,1221735,305254.4
0,3,1,4096,true,2,8,1228698,309350.4
0,3,1,1024,false,1,8,1092726,26419.2
0,3,1,2048,false,1,1,1024124,6553.6
0,3,1,1024,true,0,4,{},
0,3,1,8192,false,1,8,1372855,624947.2
0,3,1,16384,true,0,8,1393224,363520.0
0,3,1,16384,false,1,8,1654401,1258291.2
0,3,1,16384,true,2,1,1091371,132198.4
0,3,1,1024,true,2,8,1094263,90419.2
0,3,1,2048,false,1,4,1083231,26112.0
0,3,1,2048,true,1,8,1269299,52326.4
0,3,1,1024,true,0,1,{},
0,3,1,16384,true,2,4,1376577,710348.8
0,3,1,8192,true,0,4,1095648,99942.4
0,3,1,4096,true,0,4,1067391,50688.0
0,3,1,4096,false,0,4,1095808,50892.8
0,3,1,16384,false,0,4,1223765,198246.4
0,3,1,16384,true,1,4,1337140,611635.2
0,3,1,8192,false,0,4,1103018,99840.0
0,3,1,2048,true,2,8,1115401,50278.4
0,3,1,1024,false,0,4,1000622,13926.4
0,3,1,2048,false,2,4,1056672,26316.8
0,3,1,1024,true,1,8,1076692,26624.0
0,3,1,2048,true,0,1,1022829,6656.0
0,3,1,16384,false,0,1,1083179,49664.0
0,3,1,16384,true,1,1,1105491,115814.4
0,3,1,8192,false,0,1,1038304,25088.0
0,3,1,8192,false,2,8,1261729,199577.6
0,3,1,16384,false,2,8,1858621,1258291.2
0,3,1,2048,false,0,8,1090725,52224.0
0,3,1,1024,false,0,1,989997,3584.0
0,3,1,2048,false,2,1,1046635,13312.0
0,3,1,1024,false,2,8,1184737,84992.0
0,3,1,2048,true,0,4,1063152,26214.4
0,3,1,4096,false,0,1,1046004,12800.0
0,3,1,4096,true,1,8,1153773,101376.0
0,3,1,4096,false,2,8,1237897,313344.0
0,3,1,8192,true,1,8,1351178,608358.4
0,7,1,8192,true,1,4,1405809,724684.8
0,7,1,4096,true,1,4,1175589,118169.6
0,7,1,4096,false,1,8,1309372,232345.6
0,7,1,2048,true,2,1,1057575,15360.0
0,7,1,2048,false,1,1,1049605,15257.6
0,7,1,1024,true,1,1,1063892,8089.6
0,7,1,1024,false,1,8,1397883,199168.0
0,7,1,2048,true,0,8,1244755,119808.0
0,7,1,8192,false,1,8,1826147,1468006.4
0,7,1,16384,false,1,8,2478259,2936012.8
0,7,1,2048,true,2,4,1160282,188211.2
0,7,1,1024,true,1,4,1159243,101273.6
0,7,1,2048,false,1,4,1129676,61030.4
0,7,1,16384,true,1,8,2760817,2936012.8
0,7,1,8192,true,1,1,1129231,116940.8
0,7,1,4096,true,1,1,1104174,63692.8
0,7,1,4096,true,0,8,1307488,227942.4
0,7,1,4096,false,0,4,1182553,118169.6
0,7,1,4096,true,2,1,1136021,29491.2
0,7,1,8192,true,2,1,1128096,116940.8
0,7,1,8192,true,0,8,1491691,449228.8
0,7,1,16384,true,0,1,1155321,115712.0
0,7,1,16384,false,0,4,1464015,445952.0
0,7,1,16384,true,2,8,2633704,2936012.8
0,7,1,8192,false,0,4,1255591,232960.0
0,7,1,2048,false,2,4,1171778,60723.2
0,7,1,1024,true,2,4,1128066,32153.6
0,7,1,2048,true,1,4,1123053,60928.0
0,7,1,1024,false,0,4,1080206,32460.8
0,7,1,8192,false,2,8,1889647,1468006.4
0,7,1,16384,false,2,8,2586793,2831155.2
0,7,1,16384,true,0,4,1495103,462540.8
0,7,1,16384,false,0,1,1161880,115712.0
0,7,1,8192,false,0,1,1081881,58163.2
0,7,1,1024,false,2,8,1249613,63692.8
0,7,1,1024,true,2,1,1099217,19865.6
0,7,1,2048,false,2,1,1072223,15257.6
0,7,1,2048,true,1,1,1079155,35225.6
0,7,1,1024,false,0,1,1013171,8089.6
0,7,1,2048,false,0,8,1230757,122163.2
0,7,1,1024,true,0,8,1160593,63385.6
0,7,1,4096,false,2,8,1551167,232345.6
0,7,1,4096,false,0,1,1066555,29798.4
0,7,1,4096,true,2,4,1235331,118476.8
0,7,1,8192,true,2,4,1438987,741580.8
0,7,1,4096,true,0,1,1076860,29593.6
0,7,1,4096,false,2,4,1441689,372531.2
0,7,1,4096,true,2,8,1360087,236339.2
0,7,1,8192,true,2,8,1618199,457728.0
0,7,1,8192,true,0,1,1084379,58368.0
0,7,1,8192,false,2,4,1445335,716492.8
0,7,1,16384,false,2,4,1638031,462438.4
0,7,1,16384,true,0,8,1928932,908185.6
0,7,1,16384,true,2,1,1220679,115609.6
0,7,1,1024,false,2,4,1143800,31129.6
0,7,1,2048,false,0,4,1122418,61132.8
0,7,1,1024,true,0,4,1100910,32256.0
0,7,1,8192,false,2,1,1139963,133427.2
0,7,1,16384,false,2,1,1238610,264499.2
0,7,1,16384,false,0,8,2022732,825856.0
0,7,1,16384,true,2,4,1638322,462540.8
0,7,1,8192,false,0,8,1667476,449331.2
0,7,1,1024,false,2,1,1053053,8192.0
0,7,1,2048,false,2,8,1484880,378470.4
0,7,1,1024,true,2,8,1312952,206950.4
0,7,1,2048,true,1,8,1316139,374272.0
0,7,1,1024,false,0,8,1178072,63590.4
0,7,1,1024,true,0,1,1027891,8089.6
0,7,1,2048,false,0,1,1064553,15360.0
0,7,1,4096,true,0,4,1184165,118374.4
0,7,1,4096,false,2,1,1105121,67788.8
0,7,1,4096,false,0,8,1303151,223846.4
0,7,1,8192,true,0,4,1249224,232857.6
0,7,1,4096,false,1,1,1076084,63692.8
0,7,1,2048,true,2,8,1257766,121958.4
0,7,1,1024,true,1,8,1224510,64409.6
0,7,1,2048,false,1,8,1203643,121856.0
0,7,1,1024,false,1,1,1074275,19865.6
0,7,1,2048,true,0,1,1043079,15360.0
0,7,1,16384,true,1,4,1938538,1468006.4
0,7,1,8192,false,1,1,1109252,133427.2
0,7,1,16384,false,1,1,1213821,281088.0
0,7,1,1024,false,1,4,1140910,99020.8
0,7,1,2048,true,0,4,1159120,61030.4
0,7,1,16384,true,1,1,1202174,115609.6
0,7,1,8192,false,1,4,1430434,733491.2
0,7,1,16384,false,1,4,1742086,1468006.4
0,7,1,8192,true,1,8,2034114,1468006.4
0,7,1,4096,true,1,8,1527986,228352.0
0,7,1,4096,false,1,4,1205118,118169.6
